meta_val_pre-inner_acc,meta_val_post-inner_acc,iters
0.20000000298023224,0.3279999792575836,50
0.20000000298023224,0.40800002217292786,100
